{
	"_type": "export",
	"__export_format": 3,
	"__export_date": "2018-06-28T10:48:31.415Z",
	"__export_source": "insomnia.desktop.app:v5.16.6",
	"resources": [
		{
			"_id": "wrk_475dc43028f64f3a93f4288e68a1124d",
			"created": 1527089846419,
			"description": "",
			"modified": 1527089846419,
			"name": "Insomnia",
			"parentId": null,
			"_type": "workspace"
		},
		{
			"_id": "env_a10e320da167417da148d6dd4d3a1e2f",
			"color": null,
			"created": 1527089846456,
			"data": {},
			"isPrivate": false,
			"modified": 1527089846456,
			"name": "New Environment",
			"parentId": "wrk_475dc43028f64f3a93f4288e68a1124d",
			"_type": "environment"
		},
		{
			"_id": "jar_69b7bb9737a44a9eabfd773958cbc1bf",
			"cookies": [
				{
					"creation": "2018-05-23T15:41:22.999Z",
					"domain": "www.baidu.com",
					"hostOnly": true,
					"id": "5368889806500419",
					"key": "BD_NOT_HTTPS",
					"lastAccessed": "2018-05-23T15:42:07.916Z",
					"maxAge": 300,
					"path": "/",
					"value": "1"
				},
				{
					"creation": "2018-05-23T15:41:23.000Z",
					"domain": "baidu.com",
					"expires": "2037-12-31T23:55:55.000Z",
					"hostOnly": false,
					"id": "7407976288796216",
					"key": "BIDUPSID",
					"lastAccessed": "2018-05-23T15:41:23.000Z",
					"maxAge": 2147483647,
					"path": "/",
					"value": "C10A0915310B6A8634BF895B93673EFB"
				},
				{
					"creation": "2018-05-23T15:41:23.000Z",
					"domain": "baidu.com",
					"expires": "2037-12-31T23:55:55.000Z",
					"hostOnly": false,
					"id": "3924477790569454",
					"key": "PSTM",
					"lastAccessed": "2018-05-23T15:41:23.000Z",
					"maxAge": 2147483647,
					"path": "/",
					"value": "1527090082"
				},
				{
					"creation": "2018-05-23T15:42:41.944Z",
					"domain": "baidu.com",
					"expires": "2037-12-31T23:55:55.000Z",
					"hostOnly": false,
					"id": "050500013529357846",
					"key": "BAIDUID",
					"lastAccessed": "2018-05-23T15:42:41.944Z",
					"maxAge": 2147483647,
					"path": "/",
					"value": "8F00546E6BB1828DF4CFE302214BF267:FG=1"
				},
				{
					"creation": "2018-05-23T15:42:41.944Z",
					"domain": "www.baidu.com",
					"hostOnly": true,
					"id": "24523572523586523",
					"key": "BDSVRTM",
					"lastAccessed": "2018-05-23T15:43:19.286Z",
					"path": "/",
					"value": "16"
				},
				{
					"creation": "2018-05-23T15:42:41.944Z",
					"domain": "www.baidu.com",
					"hostOnly": true,
					"id": "909507314811828",
					"key": "BD_HOME",
					"lastAccessed": "2018-05-23T15:43:19.286Z",
					"path": "/",
					"value": "0"
				},
				{
					"creation": "2018-05-23T15:42:41.944Z",
					"domain": "baidu.com",
					"hostOnly": false,
					"id": "415090889258809",
					"key": "H_PS_PSSID",
					"lastAccessed": "2018-05-23T15:43:19.286Z",
					"path": "/",
					"value": "1457_21101_26350_20930"
				}
			],
			"created": 1527089846516,
			"modified": 1527090199286,
			"name": "Default Jar",
			"parentId": "wrk_475dc43028f64f3a93f4288e68a1124d",
			"_type": "cookie_jar"
		},
		{
			"_id": "fld_3f77fd33a81844ecac106178d3f64996",
			"created": 1527090060521,
			"description": "",
			"environment": {},
			"metaSortKey": -1527090060522,
			"modified": 1527092931583,
			"name": "Register",
			"parentId": "wrk_475dc43028f64f3a93f4288e68a1124d",
			"_type": "request_group"
		},
		{
			"_id": "fld_4fc895c9876b4b0d834d7e841ec1a84f",
			"created": 1527092973543,
			"description": "",
			"environment": {},
			"metaSortKey": -1527090060472,
			"modified": 1527092985004,
			"name": "Login",
			"parentId": "wrk_475dc43028f64f3a93f4288e68a1124d",
			"_type": "request_group"
		},
		{
			"_id": "fld_bc6b6bd1e0d34b6e903befa93412bc82",
			"created": 1527093806228,
			"description": "",
			"environment": {},
			"metaSortKey": -1527090060422,
			"modified": 1527093910625,
			"name": "UploadRequest",
			"parentId": "wrk_475dc43028f64f3a93f4288e68a1124d",
			"_type": "request_group"
		},
		{
			"_id": "fld_e71e7cf73b5d496aa1817e0b11c634ed",
			"created": 1527094273853,
			"description": "",
			"environment": {},
			"metaSortKey": -1527090060372,
			"modified": 1527094280631,
			"name": "UploadList",
			"parentId": "wrk_475dc43028f64f3a93f4288e68a1124d",
			"_type": "request_group"
		},
		{
			"_id": "fld_31298f3798f044c1bd0a8aefc1091105",
			"created": 1527095728985,
			"description": "",
			"environment": {},
			"metaSortKey": -1527090060322,
			"modified": 1527095733406,
			"name": "Upload",
			"parentId": "wrk_475dc43028f64f3a93f4288e68a1124d",
			"_type": "request_group"
		},
		{
			"_id": "fld_8b66d2308484497dbd35bbf36b970160",
			"created": 1527144470881,
			"description": "",
			"environment": {},
			"metaSortKey": -1527090060272,
			"modified": 1527144475763,
			"name": "Like",
			"parentId": "wrk_475dc43028f64f3a93f4288e68a1124d",
			"_type": "request_group"
		},
		{
			"_id": "fld_49a30e4e48cf4a79b8cc2d3421256031",
			"created": 1527144814351,
			"description": "",
			"environment": {},
			"metaSortKey": -1527090060222,
			"modified": 1527144816873,
			"name": "Download",
			"parentId": "wrk_475dc43028f64f3a93f4288e68a1124d",
			"_type": "request_group"
		},
		{
			"_id": "fld_d5f52161e7fd4e5ba7d4eb5e606ed140",
			"created": 1527145433762,
			"description": "",
			"environment": {},
			"metaSortKey": -1527090060172,
			"modified": 1527145438540,
			"name": "Comment",
			"parentId": "wrk_475dc43028f64f3a93f4288e68a1124d",
			"_type": "request_group"
		},
		{
			"_id": "fld_f52efce56ffa41a08da3dea4f6f0658b",
			"created": 1527145987093,
			"description": "",
			"environment": {},
			"metaSortKey": -1527090060122,
			"modified": 1527146006055,
			"name": "Preview",
			"parentId": "wrk_475dc43028f64f3a93f4288e68a1124d",
			"_type": "request_group"
		},
		{
			"_id": "fld_87157ecdae6648f7a9ea30a69273b060",
			"created": 1527208772041,
			"description": "",
			"environment": {},
			"metaSortKey": -1527090060072,
			"modified": 1527208779296,
			"name": "Browse",
			"parentId": "wrk_475dc43028f64f3a93f4288e68a1124d",
			"_type": "request_group"
		},
		{
			"_id": "req_f34d8461777f4ef5b43b539679fc2992",
			"authentication": {},
			"body": {
				"mimeType": "application/x-www-form-urlencoded",
				"params": [
					{
						"name": "username",
						"value": "ljy"
					},
					{
						"name": "email",
						"value": "123@ww.com"
					},
					{
						"name": "password",
						"value": "lalala"
					}
				]
			},
			"created": 1527092535575,
			"description": "",
			"headers": [
				{
					"id": "pair_e6cf9aea492b45ddaa6d4be0bf7da7dd",
					"name": "Content-Type",
					"value": "application/x-www-form-urlencoded"
				}
			],
			"isPrivate": false,
			"metaSortKey": -1527090065191,
			"method": "POST",
			"modified": 1529777608276,
			"name": "Register2",
			"parameters": [],
			"parentId": "fld_3f77fd33a81844ecac106178d3f64996",
			"settingDisableRenderRequestBody": false,
			"settingEncodeUrl": true,
			"settingRebuildPath": true,
			"settingSendCookies": true,
			"settingStoreCookies": true,
			"url": "http://127.0.0.1:5000/register",
			"_type": "request"
		},
		{
			"_id": "req_947a6a28cf6c431299feec3e07f53edc",
			"authentication": {},
			"body": {
				"mimeType": "application/x-www-form-urlencoded",
				"params": [
					{
						"id": "pair_f6d97231f92448eb96fc0433c8659082",
						"name": "username",
						"value": "ljy12345"
					},
					{
						"id": "pair_9be49179d99b4ad7ad1c23e7544e519d",
						"name": "email",
						"value": "ljy9792@hotmail.com"
					},
					{
						"id": "pair_bd083ed769814244ac8f00ea470a1e4d",
						"name": "password",
						"value": "ljy19970902"
					}
				]
			},
			"created": 1527092646883,
			"description": "",
			"headers": [
				{
					"id": "pair_9ee3ee09c4e14b56b9f1c1338e8f9918",
					"name": "Content-Type",
					"value": "application/x-www-form-urlencoded"
				}
			],
			"isPrivate": false,
			"metaSortKey": -1527090065141,
			"method": "POST",
			"modified": 1529510578069,
			"name": "Register3",
			"parameters": [],
			"parentId": "fld_3f77fd33a81844ecac106178d3f64996",
			"settingDisableRenderRequestBody": false,
			"settingEncodeUrl": true,
			"settingRebuildPath": true,
			"settingSendCookies": true,
			"settingStoreCookies": true,
			"url": "http://47.106.8.236:5000/register",
			"_type": "request"
		},
		{
			"_id": "req_f10e22d3b67e48ddad8730ee8a65fda7",
			"authentication": {},
			"body": {
				"mimeType": "application/x-www-form-urlencoded",
				"params": [
					{
						"id": "pair_f6d97231f92448eb96fc0433c8659082",
						"name": "username",
						"value": "ldy"
					},
					{
						"id": "pair_9be49179d99b4ad7ad1c23e7544e519d",
						"name": "email",
						"value": "ldy@dsbl.com"
					},
					{
						"id": "pair_bd083ed769814244ac8f00ea470a1e4d",
						"name": "password",
						"value": "ldydsb"
					}
				]
			},
			"created": 1527092819512,
			"description": "",
			"headers": [
				{
					"id": "pair_9ee3ee09c4e14b56b9f1c1338e8f9918",
					"name": "Content-Type",
					"value": "application/x-www-form-urlencoded"
				}
			],
			"isPrivate": false,
			"metaSortKey": -1527090065091,
			"method": "POST",
			"modified": 1527092865988,
			"name": "Register4",
			"parameters": [],
			"parentId": "fld_3f77fd33a81844ecac106178d3f64996",
			"settingDisableRenderRequestBody": false,
			"settingEncodeUrl": true,
			"settingRebuildPath": true,
			"settingSendCookies": true,
			"settingStoreCookies": true,
			"url": "http://127.0.0.1:5000/register",
			"_type": "request"
		},
		{
			"_id": "req_199c22f6d9b04637b1df2616b11b559e",
			"authentication": {},
			"body": {
				"mimeType": "application/x-www-form-urlencoded",
				"params": [
					{
						"id": "pair_2d21e0563497442ab7bf29517d96fcc7",
						"name": "logininfo",
						"value": "ljy"
					},
					{
						"id": "pair_50b166dc287f4b8fa4f3cecf69e12331",
						"name": "password",
						"value": "ljy19970902"
					}
				]
			},
			"created": 1527092904386,
			"description": "",
			"headers": [
				{
					"id": "pair_63019605cd63449fbdf70251f9db9d6d",
					"name": "Content-Type",
					"value": "application/x-www-form-urlencoded"
				}
			],
			"isPrivate": false,
			"metaSortKey": -1527090060497,
			"method": "POST",
			"modified": 1527093153868,
			"name": "Login1",
			"parameters": [],
			"parentId": "fld_4fc895c9876b4b0d834d7e841ec1a84f",
			"settingDisableRenderRequestBody": false,
			"settingEncodeUrl": true,
			"settingRebuildPath": true,
			"settingSendCookies": true,
			"settingStoreCookies": true,
			"url": "http://127.0.0.1:5000/login",
			"_type": "request"
		},
		{
			"_id": "req_e1534cd58989461da63d24f1292c6997",
			"authentication": {},
			"body": {
				"mimeType": "application/x-www-form-urlencoded",
				"params": [
					{
						"id": "pair_2d21e0563497442ab7bf29517d96fcc7",
						"name": "logininfo",
						"value": "ljy9792@hotmail.com"
					},
					{
						"id": "pair_50b166dc287f4b8fa4f3cecf69e12331",
						"name": "password",
						"value": "ljy19970902"
					}
				]
			},
			"created": 1527093076989,
			"description": "",
			"headers": [
				{
					"id": "pair_63019605cd63449fbdf70251f9db9d6d",
					"name": "Content-Type",
					"value": "application/x-www-form-urlencoded"
				}
			],
			"isPrivate": false,
			"metaSortKey": -1527090060447,
			"method": "POST",
			"modified": 1527093149740,
			"name": "Login 2",
			"parameters": [],
			"parentId": "fld_4fc895c9876b4b0d834d7e841ec1a84f",
			"settingDisableRenderRequestBody": false,
			"settingEncodeUrl": true,
			"settingRebuildPath": true,
			"settingSendCookies": true,
			"settingStoreCookies": true,
			"url": "http://127.0.0.1:5000/login",
			"_type": "request"
		},
		{
			"_id": "req_29156e28ba00457c80222e87fc9f6448",
			"authentication": {},
			"body": {
				"mimeType": "application/x-www-form-urlencoded",
				"params": [
					{
						"id": "pair_2d21e0563497442ab7bf29517d96fcc7",
						"name": "logininfo",
						"value": "ljy9792@hotmail.com"
					},
					{
						"id": "pair_50b166dc287f4b8fa4f3cecf69e12331",
						"name": "password",
						"value": "ljy"
					}
				]
			},
			"created": 1527093140348,
			"description": "",
			"headers": [
				{
					"id": "pair_63019605cd63449fbdf70251f9db9d6d",
					"name": "Content-Type",
					"value": "application/x-www-form-urlencoded"
				}
			],
			"isPrivate": false,
			"metaSortKey": -1527090060397,
			"method": "POST",
			"modified": 1527093189341,
			"name": "Login3",
			"parameters": [],
			"parentId": "fld_4fc895c9876b4b0d834d7e841ec1a84f",
			"settingDisableRenderRequestBody": false,
			"settingEncodeUrl": true,
			"settingRebuildPath": true,
			"settingSendCookies": true,
			"settingStoreCookies": true,
			"url": "http://127.0.0.1:5000/login",
			"_type": "request"
		},
		{
			"_id": "req_d13e99019d604f6c821dc5fe884e7ca9",
			"authentication": {},
			"body": {
				"mimeType": "application/x-www-form-urlencoded",
				"params": [
					{
						"id": "pair_2d21e0563497442ab7bf29517d96fcc7",
						"name": "logininfo",
						"value": "ljy"
					},
					{
						"id": "pair_50b166dc287f4b8fa4f3cecf69e12331",
						"name": "password",
						"value": "ljy"
					}
				]
			},
			"created": 1527093195229,
			"description": "",
			"headers": [
				{
					"id": "pair_63019605cd63449fbdf70251f9db9d6d",
					"name": "Content-Type",
					"value": "application/x-www-form-urlencoded"
				}
			],
			"isPrivate": false,
			"metaSortKey": -1527090060347,
			"method": "POST",
			"modified": 1527093221056,
			"name": "Login4",
			"parameters": [],
			"parentId": "fld_4fc895c9876b4b0d834d7e841ec1a84f",
			"settingDisableRenderRequestBody": false,
			"settingEncodeUrl": true,
			"settingRebuildPath": true,
			"settingSendCookies": true,
			"settingStoreCookies": true,
			"url": "http://127.0.0.1:5000/login",
			"_type": "request"
		},
		{
			"_id": "req_b91ce132d2f941f69f4ab7b082e45b23",
			"authentication": {},
			"body": {
				"mimeType": "application/x-www-form-urlencoded",
				"params": [
					{
						"id": "pair_2d21e0563497442ab7bf29517d96fcc7",
						"name": "logininfo",
						"value": "lll"
					},
					{
						"id": "pair_50b166dc287f4b8fa4f3cecf69e12331",
						"name": "password",
						"value": "ljy19970902"
					}
				]
			},
			"created": 1527093232747,
			"description": "",
			"headers": [
				{
					"id": "pair_63019605cd63449fbdf70251f9db9d6d",
					"name": "Content-Type",
					"value": "application/x-www-form-urlencoded"
				}
			],
			"isPrivate": false,
			"metaSortKey": -1527090060297,
			"method": "POST",
			"modified": 1527093262088,
			"name": "Login5",
			"parameters": [],
			"parentId": "fld_4fc895c9876b4b0d834d7e841ec1a84f",
			"settingDisableRenderRequestBody": false,
			"settingEncodeUrl": true,
			"settingRebuildPath": true,
			"settingSendCookies": true,
			"settingStoreCookies": true,
			"url": "http://127.0.0.1:5000/login",
			"_type": "request"
		},
		{
			"_id": "req_d27607ab441c4c39abe7b138511fbdfb",
			"authentication": {},
			"body": {
				"mimeType": "application/x-www-form-urlencoded",
				"params": [
					{
						"id": "pair_2d21e0563497442ab7bf29517d96fcc7",
						"name": "logininfo",
						"value": "lll"
					},
					{
						"id": "pair_50b166dc287f4b8fa4f3cecf69e12331",
						"name": "password",
						"value": "ljy"
					}
				]
			},
			"created": 1527093277067,
			"description": "",
			"headers": [
				{
					"id": "pair_63019605cd63449fbdf70251f9db9d6d",
					"name": "Content-Type",
					"value": "application/x-www-form-urlencoded"
				}
			],
			"isPrivate": false,
			"metaSortKey": -1527090060247,
			"method": "POST",
			"modified": 1527093290354,
			"name": "Login6",
			"parameters": [],
			"parentId": "fld_4fc895c9876b4b0d834d7e841ec1a84f",
			"settingDisableRenderRequestBody": false,
			"settingEncodeUrl": true,
			"settingRebuildPath": true,
			"settingSendCookies": true,
			"settingStoreCookies": true,
			"url": "http://127.0.0.1:5000/login",
			"_type": "request"
		},
		{
			"_id": "req_43ff3012d5fb4a58828fede01834a114",
			"authentication": {},
			"body": {
				"mimeType": "application/x-www-form-urlencoded",
				"params": [
					{
						"id": "pair_2d21e0563497442ab7bf29517d96fcc7",
						"name": "logininfo",
						"value": "ljy@qq.com"
					},
					{
						"id": "pair_50b166dc287f4b8fa4f3cecf69e12331",
						"name": "password",
						"value": "ljy19970902"
					}
				]
			},
			"created": 1527093295655,
			"description": "",
			"headers": [
				{
					"id": "pair_63019605cd63449fbdf70251f9db9d6d",
					"name": "Content-Type",
					"value": "application/x-www-form-urlencoded"
				}
			],
			"isPrivate": false,
			"metaSortKey": -1527090060197,
			"method": "POST",
			"modified": 1527093316374,
			"name": "Login7",
			"parameters": [],
			"parentId": "fld_4fc895c9876b4b0d834d7e841ec1a84f",
			"settingDisableRenderRequestBody": false,
			"settingEncodeUrl": true,
			"settingRebuildPath": true,
			"settingSendCookies": true,
			"settingStoreCookies": true,
			"url": "http://127.0.0.1:5000/login",
			"_type": "request"
		},
		{
			"_id": "req_1bc31985f1274e88853804459010d0ff",
			"authentication": {},
			"body": {
				"mimeType": "application/x-www-form-urlencoded",
				"params": [
					{
						"id": "pair_2d21e0563497442ab7bf29517d96fcc7",
						"name": "logininfo",
						"value": "ljy@qq.com"
					},
					{
						"id": "pair_50b166dc287f4b8fa4f3cecf69e12331",
						"name": "password",
						"value": "ljy"
					}
				]
			},
			"created": 1527093321321,
			"description": "",
			"headers": [
				{
					"id": "pair_63019605cd63449fbdf70251f9db9d6d",
					"name": "Content-Type",
					"value": "application/x-www-form-urlencoded"
				}
			],
			"isPrivate": false,
			"metaSortKey": -1527090060147,
			"method": "POST",
			"modified": 1527093330842,
			"name": "Login8",
			"parameters": [],
			"parentId": "fld_4fc895c9876b4b0d834d7e841ec1a84f",
			"settingDisableRenderRequestBody": false,
			"settingEncodeUrl": true,
			"settingRebuildPath": true,
			"settingSendCookies": true,
			"settingStoreCookies": true,
			"url": "http://127.0.0.1:5000/login",
			"_type": "request"
		},
		{
			"_id": "req_4545e6fd5d8d4e7885491213852d2bf4",
			"authentication": {},
			"body": {
				"mimeType": "application/x-www-form-urlencoded",
				"params": [
					{
						"id": "pair_ca50807656174242a0eb5f7a35d0c460",
						"name": "userid",
						"value": "123"
					},
					{
						"id": "pair_d88bbaadce8f49628df22e68cef5d2ab",
						"name": "vssid",
						"value": "124"
					},
					{
						"id": "pair_5455f4a5286f4833b1bda3f7e52bb8fb",
						"name": "vssdescription",
						"value": "test1"
					},
					{
						"id": "pair_81568c8bf4cd4759b3707c40bc1c5b1c",
						"name": "vssname",
						"value": "test1"
					}
				]
			},
			"created": 1527093814175,
			"description": "",
			"headers": [
				{
					"id": "pair_3b0cfe5f1d824508a729496a6512e195",
					"name": "Content-Type",
					"value": "application/x-www-form-urlencoded"
				}
			],
			"isPrivate": false,
			"metaSortKey": -1527091933375,
			"method": "POST",
			"modified": 1527209135958,
			"name": "UploadRequest1",
			"parameters": [],
			"parentId": "fld_bc6b6bd1e0d34b6e903befa93412bc82",
			"settingDisableRenderRequestBody": false,
			"settingEncodeUrl": true,
			"settingRebuildPath": true,
			"settingSendCookies": true,
			"settingStoreCookies": true,
			"url": "http://127.0.0.1:5000/uploadrequest",
			"_type": "request"
		},
		{
			"_id": "req_0e376e4a8fe2494db2d04dda795d8125",
			"authentication": {},
			"body": {
				"mimeType": "application/x-www-form-urlencoded",
				"params": [
					{
						"id": "pair_ca50807656174242a0eb5f7a35d0c460",
						"name": "userid",
						"value": "124"
					},
					{
						"id": "pair_d88bbaadce8f49628df22e68cef5d2ab",
						"name": "vssid",
						"value": "124"
					},
					{
						"id": "pair_5455f4a5286f4833b1bda3f7e52bb8fb",
						"name": "vssdescription",
						"value": "test1"
					},
					{
						"id": "pair_81568c8bf4cd4759b3707c40bc1c5b1c",
						"name": "vssname",
						"value": "test1"
					}
				]
			},
			"created": 1527094082703,
			"description": "",
			"headers": [
				{
					"id": "pair_3b0cfe5f1d824508a729496a6512e195",
					"name": "Content-Type",
					"value": "application/x-www-form-urlencoded"
				}
			],
			"isPrivate": false,
			"metaSortKey": -1527090999308,
			"method": "POST",
			"modified": 1527209149356,
			"name": "UploadRequest2",
			"parameters": [],
			"parentId": "fld_bc6b6bd1e0d34b6e903befa93412bc82",
			"settingDisableRenderRequestBody": false,
			"settingEncodeUrl": true,
			"settingRebuildPath": true,
			"settingSendCookies": true,
			"settingStoreCookies": true,
			"url": "http://127.0.0.1:5000/uploadrequest",
			"_type": "request"
		},
		{
			"_id": "req_b1ec9f9e64484fb59fa4451ccd0f0ffd",
			"authentication": {},
			"body": {
				"mimeType": "application/x-www-form-urlencoded",
				"params": [
					{
						"id": "pair_ca50807656174242a0eb5f7a35d0c460",
						"name": "userid",
						"value": "123"
					},
					{
						"id": "pair_d88bbaadce8f49628df22e68cef5d2ab",
						"name": "vssid",
						"value": "120"
					},
					{
						"id": "pair_5455f4a5286f4833b1bda3f7e52bb8fb",
						"name": "vssdescription",
						"value": "test2"
					},
					{
						"id": "pair_81568c8bf4cd4759b3707c40bc1c5b1c",
						"name": "vssname",
						"value": "test2"
					}
				]
			},
			"created": 1527094139594,
			"description": "",
			"headers": [
				{
					"id": "pair_3b0cfe5f1d824508a729496a6512e195",
					"name": "Content-Type",
					"value": "application/x-www-form-urlencoded"
				}
			],
			"isPrivate": false,
			"metaSortKey": -1527090532274.5,
			"method": "POST",
			"modified": 1527209159101,
			"name": "UploadRequest3",
			"parameters": [],
			"parentId": "fld_bc6b6bd1e0d34b6e903befa93412bc82",
			"settingDisableRenderRequestBody": false,
			"settingEncodeUrl": true,
			"settingRebuildPath": true,
			"settingSendCookies": true,
			"settingStoreCookies": true,
			"url": "http://127.0.0.1:5000/uploadrequest",
			"_type": "request"
		},
		{
			"_id": "req_aa8dc2d61f3245689a43387eb44bb4e6",
			"authentication": {},
			"body": {
				"mimeType": "application/x-www-form-urlencoded",
				"params": [
					{
						"id": "pair_ca50807656174242a0eb5f7a35d0c460",
						"name": "userid",
						"value": "110"
					},
					{
						"id": "pair_d88bbaadce8f49628df22e68cef5d2ab",
						"name": "vssid",
						"value": "111"
					},
					{
						"id": "pair_5455f4a5286f4833b1bda3f7e52bb8fb",
						"name": "vssdescription",
						"value": "test3"
					},
					{
						"id": "pair_81568c8bf4cd4759b3707c40bc1c5b1c",
						"name": "vssname",
						"value": "test4"
					}
				]
			},
			"created": 1527094215306,
			"description": "",
			"headers": [
				{
					"id": "pair_3b0cfe5f1d824508a729496a6512e195",
					"name": "Content-Type",
					"value": "application/x-www-form-urlencoded"
				}
			],
			"isPrivate": false,
			"metaSortKey": -1527090298757.75,
			"method": "POST",
			"modified": 1527209181920,
			"name": "UploadRequest4",
			"parameters": [],
			"parentId": "fld_bc6b6bd1e0d34b6e903befa93412bc82",
			"settingDisableRenderRequestBody": false,
			"settingEncodeUrl": true,
			"settingRebuildPath": true,
			"settingSendCookies": true,
			"settingStoreCookies": true,
			"url": "http://127.0.0.1:5000/uploadrequest",
			"_type": "request"
		},
		{
			"_id": "req_41bd437aff33454c9217fda69c1f55b7",
			"authentication": {},
			"body": {
				"mimeType": "application/x-www-form-urlencoded",
				"params": [
					{
						"id": "pair_0a90e44428144403b6d244f2b0660175",
						"name": "1",
						"value": "abcde"
					},
					{
						"id": "pair_8d685c059f834e77a60a19b918519051",
						"name": "2",
						"value": "abcdf"
					}
				]
			},
			"created": 1527094293573,
			"description": "",
			"headers": [
				{
					"id": "pair_608c14a87c6c4a0d83d1b7977f39da5a",
					"name": "Content-Type",
					"value": "application/x-www-form-urlencoded"
				}
			],
			"isPrivate": false,
			"metaSortKey": -1527094293573,
			"method": "POST",
			"modified": 1527095624521,
			"name": "UploadList1",
			"parameters": [],
			"parentId": "fld_e71e7cf73b5d496aa1817e0b11c634ed",
			"settingDisableRenderRequestBody": false,
			"settingEncodeUrl": true,
			"settingRebuildPath": true,
			"settingSendCookies": true,
			"settingStoreCookies": true,
			"url": "http://127.0.0.1:5000/uploadlist",
			"_type": "request"
		},
		{
			"_id": "req_00f5be4bc4a043f799137513beb47fe3",
			"authentication": {},
			"body": {
				"mimeType": "application/x-www-form-urlencoded",
				"params": [
					{
						"id": "pair_0a90e44428144403b6d244f2b0660175",
						"name": "1",
						"value": "abcde"
					},
					{
						"id": "pair_8d685c059f834e77a60a19b918519051",
						"name": "2",
						"value": "abcda"
					}
				]
			},
			"created": 1527095634776,
			"description": "",
			"headers": [
				{
					"id": "pair_608c14a87c6c4a0d83d1b7977f39da5a",
					"name": "Content-Type",
					"value": "application/x-www-form-urlencoded"
				}
			],
			"isPrivate": false,
			"metaSortKey": -1527093113474,
			"method": "POST",
			"modified": 1527095648624,
			"name": "UploadList2",
			"parameters": [],
			"parentId": "fld_e71e7cf73b5d496aa1817e0b11c634ed",
			"settingDisableRenderRequestBody": false,
			"settingEncodeUrl": true,
			"settingRebuildPath": true,
			"settingSendCookies": true,
			"settingStoreCookies": true,
			"url": "http://127.0.0.1:5000/uploadlist",
			"_type": "request"
		},
		{
			"_id": "req_1f346e1ad11f46c2806330d86b270ca2",
			"authentication": {},
			"body": {
				"mimeType": "application/x-www-form-urlencoded",
				"params": [
					{
						"id": "pair_0a90e44428144403b6d244f2b0660175",
						"name": "1",
						"value": "abcdq"
					},
					{
						"id": "pair_8d685c059f834e77a60a19b918519051",
						"name": "2",
						"value": "abcda"
					}
				]
			},
			"created": 1527095663374,
			"description": "",
			"headers": [
				{
					"id": "pair_608c14a87c6c4a0d83d1b7977f39da5a",
					"name": "Content-Type",
					"value": "application/x-www-form-urlencoded"
				}
			],
			"isPrivate": false,
			"metaSortKey": -1527092523424.5,
			"method": "POST",
			"modified": 1527095685187,
			"name": "UploadList3",
			"parameters": [],
			"parentId": "fld_e71e7cf73b5d496aa1817e0b11c634ed",
			"settingDisableRenderRequestBody": false,
			"settingEncodeUrl": true,
			"settingRebuildPath": true,
			"settingSendCookies": true,
			"settingStoreCookies": true,
			"url": "http://127.0.0.1:5000/uploadlist",
			"_type": "request"
		},
		{
			"_id": "req_86eb526223014734906483d78eb540fd",
			"authentication": {},
			"body": {
				"mimeType": "multipart/form-data",
				"params": [
					{
						"fileName": "/Users/lijieyu/Desktop/basketball.jpg",
						"id": "pair_84cde0986908405ab5b4788c93af781d",
						"name": "file",
						"type": "file",
						"value": ""
					},
					{
						"id": "pair_71c8f7bee0ff4e2b8599036ab8b9b582",
						"multiline": false,
						"name": "userid",
						"type": "text",
						"value": "123"
					},
					{
						"id": "pair_1b7bea6d12bc445eae9c57281a2b77e7",
						"name": "vssid",
						"value": "124"
					},
					{
						"id": "pair_c2c97a5b59c8479ba72b5e25801a1495",
						"name": "sfhash",
						"value": "hhhhh"
					},
					{
						"id": "pair_f91518f8af1440d2888c04d8107b73c2",
						"name": "lng",
						"value": "1"
					},
					{
						"id": "pair_3d47b3497b6647528e50b96eca17515f",
						"name": "lat",
						"value": "2"
					},
					{
						"id": "pair_3d7301a836e149b3af1361dfed305f72",
						"name": "height",
						"value": "3"
					},
					{
						"id": "pair_21db4cb51cfd4748867338bd187236bc",
						"name": "volume",
						"value": "4"
					},
					{
						"id": "pair_add3d2048e0147979acfdc79ac2ce11f",
						"name": "loop_mode",
						"value": "0"
					}
				]
			},
			"created": 1527121111068,
			"description": "",
			"headers": [
				{
					"id": "pair_ae6ea26d9d03494eaf9a2d14e556e615",
					"name": "Content-Type",
					"value": "multipart/form-data"
				}
			],
			"isPrivate": false,
			"metaSortKey": -1527095018034,
			"method": "POST",
			"modified": 1527144451692,
			"name": "Upload",
			"parameters": [],
			"parentId": "fld_31298f3798f044c1bd0a8aefc1091105",
			"settingDisableRenderRequestBody": false,
			"settingEncodeUrl": true,
			"settingRebuildPath": true,
			"settingSendCookies": true,
			"settingStoreCookies": true,
			"url": "http://127.0.0.1:5000/upload",
			"_type": "request"
		},
		{
			"_id": "req_ac455aff672741d39db093521839d471",
			"authentication": {},
			"body": {
				"mimeType": "application/x-www-form-urlencoded",
				"params": [
					{
						"id": "pair_6620d907d10f4716bfbae3df747c0e1a",
						"name": "userid",
						"value": "123"
					},
					{
						"id": "pair_f149753e563a46239263a4f176e66718",
						"name": "vssid",
						"value": "124"
					},
					{
						"id": "pair_0cd0cc90326a4539a012d90be8aa2df5",
						"name": "likeuserid",
						"value": "125"
					}
				]
			},
			"created": 1527144517206,
			"description": "",
			"headers": [
				{
					"id": "pair_bc5e77e842664ffd82b7ef52bd2a7167",
					"name": "Content-Type",
					"value": "application/x-www-form-urlencoded"
				}
			],
			"isPrivate": false,
			"metaSortKey": -1527144517206,
			"method": "POST",
			"modified": 1527144582719,
			"name": "Like1",
			"parameters": [],
			"parentId": "fld_8b66d2308484497dbd35bbf36b970160",
			"settingDisableRenderRequestBody": false,
			"settingEncodeUrl": true,
			"settingRebuildPath": true,
			"settingSendCookies": true,
			"settingStoreCookies": true,
			"url": "http://127.0.0.1:5000/like",
			"_type": "request"
		},
		{
			"_id": "req_ec89ca919fa04eefac5513f6830b0644",
			"authentication": {},
			"body": {},
			"created": 1527144824558,
			"description": "",
			"headers": [
				{
					"id": "pair_0217082d6b9f4b04abf3ad6648374b99",
					"name": "Content-Type",
					"value": "application/octet-stream"
				}
			],
			"isPrivate": false,
			"metaSortKey": -1527144824558,
			"method": "POST",
			"modified": 1527145389166,
			"name": "Download1",
			"parameters": [],
			"parentId": "fld_49a30e4e48cf4a79b8cc2d3421256031",
			"settingDisableRenderRequestBody": false,
			"settingEncodeUrl": true,
			"settingRebuildPath": true,
			"settingSendCookies": true,
			"settingStoreCookies": true,
			"url": "http://127.0.0.1:5000/download/basketball",
			"_type": "request"
		},
		{
			"_id": "req_89b360961687481eb0ac1e2e3e45733c",
			"authentication": {},
			"body": {},
			"created": 1527145391131,
			"description": "",
			"headers": [
				{
					"id": "pair_0217082d6b9f4b04abf3ad6648374b99",
					"name": "Content-Type",
					"value": "application/octet-stream"
				}
			],
			"isPrivate": false,
			"metaSortKey": -1527144670882,
			"method": "POST",
			"modified": 1527145400432,
			"name": "Download2",
			"parameters": [],
			"parentId": "fld_49a30e4e48cf4a79b8cc2d3421256031",
			"settingDisableRenderRequestBody": false,
			"settingEncodeUrl": true,
			"settingRebuildPath": true,
			"settingSendCookies": true,
			"settingStoreCookies": true,
			"url": "http://127.0.0.1:5000/download/rem2",
			"_type": "request"
		},
		{
			"_id": "req_395de1e3ac864314a555d18311d4facc",
			"authentication": {},
			"body": {
				"mimeType": "application/x-www-form-urlencoded",
				"params": [
					{
						"id": "pair_e6b72b3a51e145cab4b6ae23b5eac62c",
						"name": "userid",
						"value": "123"
					},
					{
						"id": "pair_d6dc9a53bf0446e1a243f209723d6359",
						"name": "vssid",
						"value": "124"
					},
					{
						"id": "pair_84734bb00618400cb54bee92d50ac41c",
						"name": "commentuserid",
						"value": "128"
					},
					{
						"id": "pair_01807b2e6ec344f7a3ce176ecfac27e9",
						"name": "commenttime",
						"value": "2018-05-24 01:00:01"
					},
					{
						"id": "pair_469d71ef00704773855a72bc36059232",
						"name": "commentcontent",
						"value": "lll"
					}
				]
			},
			"created": 1527145454983,
			"description": "",
			"headers": [
				{
					"id": "pair_57b8468c22f141b9beeeb438a5906d1b",
					"name": "Content-Type",
					"value": "application/x-www-form-urlencoded"
				}
			],
			"isPrivate": false,
			"metaSortKey": -1527145454983,
			"method": "POST",
			"modified": 1527145769703,
			"name": "Comment1",
			"parameters": [],
			"parentId": "fld_d5f52161e7fd4e5ba7d4eb5e606ed140",
			"settingDisableRenderRequestBody": false,
			"settingEncodeUrl": true,
			"settingRebuildPath": true,
			"settingSendCookies": true,
			"settingStoreCookies": true,
			"url": "http://127.0.0.1:5000/comment",
			"_type": "request"
		},
		{
			"_id": "req_3245cf4c28cc45f0a89251cbe52df927",
			"authentication": {},
			"body": {
				"mimeType": "application/x-www-form-urlencoded",
				"params": [
					{
						"id": "pair_e6b72b3a51e145cab4b6ae23b5eac62c",
						"name": "userid",
						"value": "123"
					},
					{
						"id": "pair_d6dc9a53bf0446e1a243f209723d6359",
						"name": "vssid",
						"value": "124"
					},
					{
						"id": "pair_84734bb00618400cb54bee92d50ac41c",
						"name": "commentuserid",
						"value": "128"
					},
					{
						"id": "pair_01807b2e6ec344f7a3ce176ecfac27e9",
						"name": "commenttime",
						"value": "2018-05-24 01:00:01"
					},
					{
						"id": "pair_469d71ef00704773855a72bc36059232",
						"name": "commentcontent",
						"value": "lll"
					}
				]
			},
			"created": 1527145783672,
			"description": "",
			"headers": [
				{
					"id": "pair_57b8468c22f141b9beeeb438a5906d1b",
					"name": "Content-Type",
					"value": "application/x-www-form-urlencoded"
				}
			],
			"isPrivate": false,
			"metaSortKey": -1527145139770.5,
			"method": "POST",
			"modified": 1527145793078,
			"name": "Comment2",
			"parameters": [],
			"parentId": "fld_d5f52161e7fd4e5ba7d4eb5e606ed140",
			"settingDisableRenderRequestBody": false,
			"settingEncodeUrl": true,
			"settingRebuildPath": true,
			"settingSendCookies": true,
			"settingStoreCookies": true,
			"url": "http://127.0.0.1:5000/comment",
			"_type": "request"
		},
		{
			"_id": "req_7aa5e61835a649bebb1bee251f480201",
			"authentication": {},
			"body": {
				"mimeType": "application/x-www-form-urlencoded",
				"params": [
					{
						"id": "pair_7484d1302163456885b0296868b18edd",
						"name": "userid",
						"value": "123"
					},
					{
						"id": "pair_ec31a3ffbd6a4041a094584c80a5bf3d",
						"name": "vssid",
						"value": "124"
					}
				]
			},
			"created": 1527146000647,
			"description": "",
			"headers": [
				{
					"id": "pair_4fa140bdab4145448c6c45c1e212c7b3",
					"name": "Content-Type",
					"value": "application/x-www-form-urlencoded"
				}
			],
			"isPrivate": false,
			"metaSortKey": -1527090060109.5,
			"method": "POST",
			"modified": 1527208645452,
			"name": "Preview1",
			"parameters": [],
			"parentId": "fld_f52efce56ffa41a08da3dea4f6f0658b",
			"settingDisableRenderRequestBody": false,
			"settingEncodeUrl": true,
			"settingRebuildPath": true,
			"settingSendCookies": true,
			"settingStoreCookies": true,
			"url": "http://127.0.0.1:5000/preview",
			"_type": "request"
		},
		{
			"_id": "req_4264dde470c74ba784ddf1c9faf889d0",
			"authentication": {},
			"body": {
				"mimeType": "multipart/form-data",
				"params": [
					{
						"disabled": false,
						"id": "pair_6e4f38552f794db89ad6e79ca101524e",
						"multiline": false,
						"name": "low",
						"type": "text",
						"value": "1"
					},
					{
						"disabled": false,
						"id": "pair_4281b3c71e2a4a2e8ee549bd4cb2f761",
						"name": "high",
						"value": "3"
					}
				]
			},
			"created": 1527208787343,
			"description": "",
			"headers": [],
			"isPrivate": false,
			"metaSortKey": -1527208787343,
			"method": "POST",
			"modified": 1527209764441,
			"name": "Browse1",
			"parameters": [],
			"parentId": "fld_87157ecdae6648f7a9ea30a69273b060",
			"settingDisableRenderRequestBody": false,
			"settingEncodeUrl": true,
			"settingRebuildPath": true,
			"settingSendCookies": true,
			"settingStoreCookies": true,
			"url": "http://127.0.0.1:5000/browse",
			"_type": "request"
		},
		{
			"_id": "req_ee34e8c313ec41ff9d05e0c912d07c34",
			"authentication": {},
			"body": {
				"mimeType": "multipart/form-data",
				"params": [
					{
						"disabled": false,
						"id": "pair_6e4f38552f794db89ad6e79ca101524e",
						"multiline": false,
						"name": "low",
						"type": "text",
						"value": "0"
					},
					{
						"disabled": false,
						"id": "pair_4281b3c71e2a4a2e8ee549bd4cb2f761",
						"name": "high",
						"value": "3"
					}
				]
			},
			"created": 1527209909450,
			"description": "",
			"headers": [],
			"isPrivate": false,
			"metaSortKey": -1527177121163,
			"method": "POST",
			"modified": 1527209920468,
			"name": "Browse2",
			"parameters": [],
			"parentId": "fld_87157ecdae6648f7a9ea30a69273b060",
			"settingDisableRenderRequestBody": false,
			"settingEncodeUrl": true,
			"settingRebuildPath": true,
			"settingSendCookies": true,
			"settingStoreCookies": true,
			"url": "http://127.0.0.1:5000/browse",
			"_type": "request"
		},
		{
			"_id": "req_fb56c164a0b94a299286312d223cd3c1",
			"authentication": {},
			"body": {
				"mimeType": "multipart/form-data",
				"params": [
					{
						"disabled": false,
						"id": "pair_6e4f38552f794db89ad6e79ca101524e",
						"multiline": false,
						"name": "low",
						"type": "text",
						"value": "0"
					},
					{
						"disabled": false,
						"id": "pair_4281b3c71e2a4a2e8ee549bd4cb2f761",
						"name": "high",
						"value": "6"
					}
				]
			},
			"created": 1527209930140,
			"description": "",
			"headers": [],
			"isPrivate": false,
			"metaSortKey": -1527161288073,
			"method": "POST",
			"modified": 1527209939951,
			"name": "Browse3",
			"parameters": [],
			"parentId": "fld_87157ecdae6648f7a9ea30a69273b060",
			"settingDisableRenderRequestBody": false,
			"settingEncodeUrl": true,
			"settingRebuildPath": true,
			"settingSendCookies": true,
			"settingStoreCookies": true,
			"url": "http://127.0.0.1:5000/browse",
			"_type": "request"
		},
		{
			"_id": "req_e2ff10e05c154b2d90812e34cc68ff92",
			"authentication": {},
			"body": {
				"mimeType": "multipart/form-data",
				"params": [
					{
						"disabled": false,
						"id": "pair_6e4f38552f794db89ad6e79ca101524e",
						"multiline": false,
						"name": "low",
						"type": "text",
						"value": "0"
					},
					{
						"disabled": false,
						"id": "pair_4281b3c71e2a4a2e8ee549bd4cb2f761",
						"name": "high",
						"value": "8"
					}
				]
			},
			"created": 1527209948780,
			"description": "",
			"headers": [],
			"isPrivate": false,
			"metaSortKey": -1527153371528,
			"method": "POST",
			"modified": 1527209962917,
			"name": "Browse4",
			"parameters": [],
			"parentId": "fld_87157ecdae6648f7a9ea30a69273b060",
			"settingDisableRenderRequestBody": false,
			"settingEncodeUrl": true,
			"settingRebuildPath": true,
			"settingSendCookies": true,
			"settingStoreCookies": true,
			"url": "http://127.0.0.1:5000/browse",
			"_type": "request"
		},
		{
			"_id": "req_aa450aa4302148d9bc247923de42b70b",
			"authentication": {},
			"body": {
				"mimeType": "multipart/form-data",
				"params": [
					{
						"disabled": false,
						"id": "pair_6e4f38552f794db89ad6e79ca101524e",
						"multiline": false,
						"name": "low",
						"type": "text",
						"value": "6"
					},
					{
						"disabled": false,
						"id": "pair_4281b3c71e2a4a2e8ee549bd4cb2f761",
						"name": "high",
						"value": "7"
					}
				]
			},
			"created": 1527209970908,
			"description": "",
			"headers": [],
			"isPrivate": false,
			"metaSortKey": -1527149413255.5,
			"method": "POST",
			"modified": 1527210019562,
			"name": "Browse5",
			"parameters": [],
			"parentId": "fld_87157ecdae6648f7a9ea30a69273b060",
			"settingDisableRenderRequestBody": false,
			"settingEncodeUrl": true,
			"settingRebuildPath": true,
			"settingSendCookies": true,
			"settingStoreCookies": true,
			"url": "http://127.0.0.1:5000/browse",
			"_type": "request"
		},
		{
			"_id": "req_52a2946078cf4378979e1315590849eb",
			"authentication": {},
			"body": {
				"mimeType": "multipart/form-data",
				"params": [
					{
						"disabled": false,
						"id": "pair_6e4f38552f794db89ad6e79ca101524e",
						"multiline": false,
						"name": "low",
						"type": "text",
						"value": "10"
					},
					{
						"disabled": false,
						"id": "pair_4281b3c71e2a4a2e8ee549bd4cb2f761",
						"name": "high",
						"value": "11"
					}
				]
			},
			"created": 1527210033149,
			"description": "",
			"headers": [],
			"isPrivate": false,
			"metaSortKey": -1527147434119.25,
			"method": "POST",
			"modified": 1527210044407,
			"name": "Browse6",
			"parameters": [],
			"parentId": "fld_87157ecdae6648f7a9ea30a69273b060",
			"settingDisableRenderRequestBody": false,
			"settingEncodeUrl": true,
			"settingRebuildPath": true,
			"settingSendCookies": true,
			"settingStoreCookies": true,
			"url": "http://127.0.0.1:5000/browse",
			"_type": "request"
		},
		{
			"_id": "req_48c900c62baa4a518dc5fbd3cf6341da",
			"authentication": {},
			"body": {
				"mimeType": "multipart/form-data",
				"params": [
					{
						"id": "pair_fb3941cfee2b4c5f91a49a11086ecd36",
						"name": "low",
						"value": "4"
					},
					{
						"id": "pair_66f8d8731bb743548de4ef19166dce8e",
						"name": "high",
						"value": "11"
					}
				]
			},
			"created": 1527210049394,
			"description": "",
			"headers": [],
			"isPrivate": false,
			"metaSortKey": -1527146444551.125,
			"method": "POST",
			"modified": 1527230168071,
			"name": "Browse7",
			"parameters": [],
			"parentId": "fld_87157ecdae6648f7a9ea30a69273b060",
			"settingDisableRenderRequestBody": false,
			"settingEncodeUrl": true,
			"settingRebuildPath": true,
			"settingSendCookies": true,
			"settingStoreCookies": true,
			"url": "http://127.0.0.1:5000/browse",
			"_type": "request"
		}
	]
}